file_path	size_bytes
C:\Users\USER\Biomed\AD\SEA-AD-patient\output\processed\seaad_patient_metadata_clean.csv	45200
C:\Users\USER\Biomed\AD\SEA-AD-patient\output\processed\seaad_patient_metadata_clean.tsv	45194
C:\Users\USER\Biomed\AD\SEA-AD-patient\output\processed\seaad_patient_metadata_onehot_dropfirst.csv	16846
C:\Users\USER\Biomed\AD\SEA-AD-patient\output\processed\seaad_patient_metadata_onehot_dropfirst.tsv	16842
C:\Users\USER\Biomed\AD\SEA-AD-patient\output\processed\seaad_patient_metadata_original.csv	45200
C:\Users\USER\Biomed\AD\SEA-AD-patient\output\processed\seaad_patient_metadata_original.tsv	45194
C:\Users\USER\Biomed\AD\SEA-AD-patient\output\raw\seaad_patient_metadata_original.xlsx	45189
C:\Users\USER\Biomed\AD\SEA-AD-patient\results\csv\APOE_Genotype_terminal_nodes.csv	223
C:\Users\USER\Biomed\AD\SEA-AD-patient\results\csv\Arteriolosclerosis_terminal_nodes.csv	232
C:\Users\USER\Biomed\AD\SEA-AD-patient\results\csv\Atherosclerosis_terminal_nodes.csv	231
C:\Users\USER\Biomed\AD\SEA-AD-patient\results\csv\Braak_terminal_nodes.csv	172
C:\Users\USER\Biomed\AD\SEA-AD-patient\results\csv\CERAD_score_terminal_nodes.csv	171
C:\Users\USER\Biomed\AD\SEA-AD-patient\results\csv\Cognitive_Status_terminal_nodes.csv	150
C:\Users\USER\Biomed\AD\SEA-AD-patient\results\csv\Consensus_Clinical_Dx_choice-Alzheimers_disease_terminal_nodes.csv	174
C:\Users\USER\Biomed\AD\SEA-AD-patient\results\csv\Consensus_Clinical_Dx_choice-Alzheimers_Possible__Probable_terminal_nodes.csv	145
C:\Users\USER\Biomed\AD\SEA-AD-patient\results\csv\Consensus_Clinical_Dx_choice-Control_terminal_nodes.csv	126
C:\Users\USER\Biomed\AD\SEA-AD-patient\results\csv\Consensus_Clinical_Dx_choice-Dementia_with_Lewy_Bodies__Lewy_Body_Disease_terminal_nodes.csv	91
C:\Users\USER\Biomed\AD\SEA-AD-patient\results\csv\Consensus_Clinical_Dx_choice-Multiple_System_Atrophy_terminal_nodes.csv	106
C:\Users\USER\Biomed\AD\SEA-AD-patient\results\csv\Consensus_Clinical_Dx_choice-Other_terminal_nodes.csv	143
C:\Users\USER\Biomed\AD\SEA-AD-patient\results\csv\Consensus_Clinical_Dx_choice-Parkinsons_Disease_Dementia_terminal_nodes.csv	91
C:\Users\USER\Biomed\AD\SEA-AD-patient\results\csv\Consensus_Clinical_Dx_choice-Unknown_terminal_nodes.csv	183
C:\Users\USER\Biomed\AD\SEA-AD-patient\results\csv\Consensus_Clinical_Dx_choice-Vascular_Dementia_terminal_nodes.csv	106
C:\Users\USER\Biomed\AD\SEA-AD-patient\results\csv\Ex_Vivo_Imaging_terminal_nodes.csv	92
C:\Users\USER\Biomed\AD\SEA-AD-patient\results\csv\Have_they_had_neuroimaging_terminal_nodes.csv	176
C:\Users\USER\Biomed\AD\SEA-AD-patient\results\csv\Highest_level_of_education_terminal_nodes.csv	292
C:\Users\USER\Biomed\AD\SEA-AD-patient\results\csv\Highest_Lewy_Body_Disease_terminal_nodes.csv	439
C:\Users\USER\Biomed\AD\SEA-AD-patient\results\csv\Hispanic_Latino_terminal_nodes.csv	77
C:\Users\USER\Biomed\AD\SEA-AD-patient\results\csv\If_other_Consensus_dx_describe_terminal_nodes.csv	132
C:\Users\USER\Biomed\AD\SEA-AD-patient\results\csv\Known_head_injury_terminal_nodes.csv	175
C:\Users\USER\Biomed\AD\SEA-AD-patient\results\csv\LATE_terminal_nodes.csv	258
C:\Users\USER\Biomed\AD\SEA-AD-patient\results\csv\Overall_AD_neuropathological_Change_terminal_nodes.csv	212
C:\Users\USER\Biomed\AD\SEA-AD-patient\results\csv\Overall_CAA_Score_terminal_nodes.csv	241
C:\Users\USER\Biomed\AD\SEA-AD-patient\results\csv\Primary_Study_Name_terminal_nodes.csv	178
C:\Users\USER\Biomed\AD\SEA-AD-patient\results\csv\Race_choice-American_Indian__Alaska_Native_terminal_nodes.csv	91
C:\Users\USER\Biomed\AD\SEA-AD-patient\results\csv\Race_choice-Asian_terminal_nodes.csv	129
C:\Users\USER\Biomed\AD\SEA-AD-patient\results\csv\Race_choice-Other_terminal_nodes.csv	130
C:\Users\USER\Biomed\AD\SEA-AD-patient\results\csv\Race_choice-White_terminal_nodes.csv	121
C:\Users\USER\Biomed\AD\SEA-AD-patient\results\csv\seaad_patient_categorical_level_counts.csv	8893
C:\Users\USER\Biomed\AD\SEA-AD-patient\results\csv\seaad_patient_categorical_summary.csv	3918
C:\Users\USER\Biomed\AD\SEA-AD-patient\results\csv\seaad_patient_categorical_tree_metrics.csv	5738
C:\Users\USER\Biomed\AD\SEA-AD-patient\results\csv\seaad_patient_dendrogram_status.csv	2081
C:\Users\USER\Biomed\AD\SEA-AD-patient\results\csv\seaad_patient_numeric_summary.csv	3045
C:\Users\USER\Biomed\AD\SEA-AD-patient\results\csv\seaad_patient_numeric_tree_metrics.csv	1817
C:\Users\USER\Biomed\AD\SEA-AD-patient\results\csv\seaad_patient_onehot_manifest.csv	9788
C:\Users\USER\Biomed\AD\SEA-AD-patient\results\csv\seaad_patient_overall_variable_summary.csv	3159
C:\Users\USER\Biomed\AD\SEA-AD-patient\results\csv\seaad_patient_source_manifest.csv	403
C:\Users\USER\Biomed\AD\SEA-AD-patient\results\csv\seaad_patient_variable_catalog.csv	4388
C:\Users\USER\Biomed\AD\SEA-AD-patient\results\csv\Secondary_Study_Name_terminal_nodes.csv	166
C:\Users\USER\Biomed\AD\SEA-AD-patient\results\csv\Severely_Affected_Donor_terminal_nodes.csv	116
C:\Users\USER\Biomed\AD\SEA-AD-patient\results\csv\Sex_terminal_nodes.csv	178
C:\Users\USER\Biomed\AD\SEA-AD-patient\results\csv\specify_other_race_terminal_nodes.csv	122
C:\Users\USER\Biomed\AD\SEA-AD-patient\results\csv\Thal_terminal_nodes.csv	153
C:\Users\USER\Biomed\AD\SEA-AD-patient\results\plots\categorical\APOE_Genotype_levels.png	25468
C:\Users\USER\Biomed\AD\SEA-AD-patient\results\plots\categorical\Arteriolosclerosis_levels.png	24489
C:\Users\USER\Biomed\AD\SEA-AD-patient\results\plots\categorical\Atherosclerosis_levels.png	26472
C:\Users\USER\Biomed\AD\SEA-AD-patient\results\plots\categorical\Braak_levels.png	28486
C:\Users\USER\Biomed\AD\SEA-AD-patient\results\plots\categorical\CERAD_score_levels.png	26606
C:\Users\USER\Biomed\AD\SEA-AD-patient\results\plots\categorical\Cognitive_Status_levels.png	24098
C:\Users\USER\Biomed\AD\SEA-AD-patient\results\plots\categorical\Consensus_Clinical_Dx_choice-Alzheimers_disease_levels.png	29796
C:\Users\USER\Biomed\AD\SEA-AD-patient\results\plots\categorical\Consensus_Clinical_Dx_choice-Alzheimers_Possible__Probable_levels.png	31599
C:\Users\USER\Biomed\AD\SEA-AD-patient\results\plots\categorical\Consensus_Clinical_Dx_choice-Ataxia_levels.png	26673
C:\Users\USER\Biomed\AD\SEA-AD-patient\results\plots\categorical\Consensus_Clinical_Dx_choice-Control_levels.png	27652
C:\Users\USER\Biomed\AD\SEA-AD-patient\results\plots\categorical\Consensus_Clinical_Dx_choice-Corticobasal_Degeneration_levels.png	28912
C:\Users\USER\Biomed\AD\SEA-AD-patient\results\plots\categorical\Consensus_Clinical_Dx_choice-Dementia_with_Lewy_Bodies__Lewy_Body_Disease_levels.png	34616
C:\Users\USER\Biomed\AD\SEA-AD-patient\results\plots\categorical\Consensus_Clinical_Dx_choice-Frontotemporal_lobar_degeneration_levels.png	29288
C:\Users\USER\Biomed\AD\SEA-AD-patient\results\plots\categorical\Consensus_Clinical_Dx_choice-Huntingtons_disease_levels.png	28029
C:\Users\USER\Biomed\AD\SEA-AD-patient\results\plots\categorical\Consensus_Clinical_Dx_choice-Motor_Neuron_disease_levels.png	28070
C:\Users\USER\Biomed\AD\SEA-AD-patient\results\plots\categorical\Consensus_Clinical_Dx_choice-Multiple_System_Atrophy_levels.png	31683
C:\Users\USER\Biomed\AD\SEA-AD-patient\results\plots\categorical\Consensus_Clinical_Dx_choice-Other_levels.png	27723
C:\Users\USER\Biomed\AD\SEA-AD-patient\results\plots\categorical\Consensus_Clinical_Dx_choice-Parkinsons_Cognitive_Impairment_-_no_dementia_levels.png	30327
C:\Users\USER\Biomed\AD\SEA-AD-patient\results\plots\categorical\Consensus_Clinical_Dx_choice-Parkinsons_Disease_Dementia_levels.png	31221
C:\Users\USER\Biomed\AD\SEA-AD-patient\results\plots\categorical\Consensus_Clinical_Dx_choice-Parkinsons_disease_levels.png	27927
C:\Users\USER\Biomed\AD\SEA-AD-patient\results\plots\categorical\Consensus_Clinical_Dx_choice-Prion_levels.png	25999
C:\Users\USER\Biomed\AD\SEA-AD-patient\results\plots\categorical\Consensus_Clinical_Dx_choice-Progressive_Supranuclear_Palsy_levels.png	30191
C:\Users\USER\Biomed\AD\SEA-AD-patient\results\plots\categorical\Consensus_Clinical_Dx_choice-Taupathy_levels.png	26456
C:\Users\USER\Biomed\AD\SEA-AD-patient\results\plots\categorical\Consensus_Clinical_Dx_choice-Unknown_levels.png	28107
C:\Users\USER\Biomed\AD\SEA-AD-patient\results\plots\categorical\Consensus_Clinical_Dx_choice-Vascular_Dementia_levels.png	29567
C:\Users\USER\Biomed\AD\SEA-AD-patient\results\plots\categorical\Ex_Vivo_Imaging_levels.png	22377
C:\Users\USER\Biomed\AD\SEA-AD-patient\results\plots\categorical\Have_they_had_neuroimaging_levels.png	25194
C:\Users\USER\Biomed\AD\SEA-AD-patient\results\plots\categorical\Highest_level_of_education_levels.png	37403
C:\Users\USER\Biomed\AD\SEA-AD-patient\results\plots\categorical\Highest_Lewy_Body_Disease_levels.png	55416
C:\Users\USER\Biomed\AD\SEA-AD-patient\results\plots\categorical\Hispanic_Latino_levels.png	23578
C:\Users\USER\Biomed\AD\SEA-AD-patient\results\plots\categorical\If_other_Consensus_dx_describe_levels.png	63567
C:\Users\USER\Biomed\AD\SEA-AD-patient\results\plots\categorical\Known_head_injury_levels.png	23061
C:\Users\USER\Biomed\AD\SEA-AD-patient\results\plots\categorical\LATE_levels.png	30474
C:\Users\USER\Biomed\AD\SEA-AD-patient\results\plots\categorical\Overall_AD_neuropathological_Change_levels.png	29382
C:\Users\USER\Biomed\AD\SEA-AD-patient\results\plots\categorical\Overall_CAA_Score_levels.png	27901
C:\Users\USER\Biomed\AD\SEA-AD-patient\results\plots\categorical\Primary_Study_Name_levels.png	25676
C:\Users\USER\Biomed\AD\SEA-AD-patient\results\plots\categorical\Race_choice-American_Indian__Alaska_Native_levels.png	30136
C:\Users\USER\Biomed\AD\SEA-AD-patient\results\plots\categorical\Race_choice-Asian_levels.png	25674
C:\Users\USER\Biomed\AD\SEA-AD-patient\results\plots\categorical\Race_choice-Black__African_American_levels.png	26240
C:\Users\USER\Biomed\AD\SEA-AD-patient\results\plots\categorical\Race_choice-Native_Hawaiian_or_Pacific_Islander_levels.png	26475
C:\Users\USER\Biomed\AD\SEA-AD-patient\results\plots\categorical\Race_choice-Other_levels.png	25363
C:\Users\USER\Biomed\AD\SEA-AD-patient\results\plots\categorical\Race_choice-Unknown_or_unreported_levels.png	25610
C:\Users\USER\Biomed\AD\SEA-AD-patient\results\plots\categorical\Race_choice-White_levels.png	25768
C:\Users\USER\Biomed\AD\SEA-AD-patient\results\plots\categorical\Rapid_Frozen_Tissue_Type_levels.png	24236
C:\Users\USER\Biomed\AD\SEA-AD-patient\results\plots\categorical\Secondary_Study_Name_levels.png	29232
C:\Users\USER\Biomed\AD\SEA-AD-patient\results\plots\categorical\Severely_Affected_Donor_levels.png	23859
C:\Users\USER\Biomed\AD\SEA-AD-patient\results\plots\categorical\Sex_levels.png	19280
C:\Users\USER\Biomed\AD\SEA-AD-patient\results\plots\categorical\specify_other_race_levels.png	23959
C:\Users\USER\Biomed\AD\SEA-AD-patient\results\plots\categorical\Thal_levels.png	22859
C:\Users\USER\Biomed\AD\SEA-AD-patient\results\plots\categorical_tree\APOE_Genotype_decision_tree.png	583750
C:\Users\USER\Biomed\AD\SEA-AD-patient\results\plots\categorical_tree\Arteriolosclerosis_decision_tree.png	563651
C:\Users\USER\Biomed\AD\SEA-AD-patient\results\plots\categorical_tree\Atherosclerosis_decision_tree.png	503527
C:\Users\USER\Biomed\AD\SEA-AD-patient\results\plots\categorical_tree\Braak_decision_tree.png	460410
C:\Users\USER\Biomed\AD\SEA-AD-patient\results\plots\categorical_tree\CERAD_score_decision_tree.png	427215
C:\Users\USER\Biomed\AD\SEA-AD-patient\results\plots\categorical_tree\Cognitive_Status_decision_tree.png	406331
C:\Users\USER\Biomed\AD\SEA-AD-patient\results\plots\categorical_tree\Consensus_Clinical_Dx_choice-Alzheimers_disease_decision_tree.png	376655
C:\Users\USER\Biomed\AD\SEA-AD-patient\results\plots\categorical_tree\Consensus_Clinical_Dx_choice-Alzheimers_Possible__Probable_decision_tree.png	356327
C:\Users\USER\Biomed\AD\SEA-AD-patient\results\plots\categorical_tree\Consensus_Clinical_Dx_choice-Control_decision_tree.png	347525
C:\Users\USER\Biomed\AD\SEA-AD-patient\results\plots\categorical_tree\Consensus_Clinical_Dx_choice-Dementia_with_Lewy_Bodies__Lewy_Body_Disease_decision_tree.png	297638
C:\Users\USER\Biomed\AD\SEA-AD-patient\results\plots\categorical_tree\Consensus_Clinical_Dx_choice-Multiple_System_Atrophy_decision_tree.png	294127
C:\Users\USER\Biomed\AD\SEA-AD-patient\results\plots\categorical_tree\Consensus_Clinical_Dx_choice-Other_decision_tree.png	359467
C:\Users\USER\Biomed\AD\SEA-AD-patient\results\plots\categorical_tree\Consensus_Clinical_Dx_choice-Parkinsons_Disease_Dementia_decision_tree.png	291336
C:\Users\USER\Biomed\AD\SEA-AD-patient\results\plots\categorical_tree\Consensus_Clinical_Dx_choice-Unknown_decision_tree.png	445736
C:\Users\USER\Biomed\AD\SEA-AD-patient\results\plots\categorical_tree\Consensus_Clinical_Dx_choice-Vascular_Dementia_decision_tree.png	308169
C:\Users\USER\Biomed\AD\SEA-AD-patient\results\plots\categorical_tree\Ex_Vivo_Imaging_decision_tree.png	295158
C:\Users\USER\Biomed\AD\SEA-AD-patient\results\plots\categorical_tree\Have_they_had_neuroimaging_decision_tree.png	478068
C:\Users\USER\Biomed\AD\SEA-AD-patient\results\plots\categorical_tree\Highest_level_of_education_decision_tree.png	669205
C:\Users\USER\Biomed\AD\SEA-AD-patient\results\plots\categorical_tree\Highest_Lewy_Body_Disease_decision_tree.png	702346
C:\Users\USER\Biomed\AD\SEA-AD-patient\results\plots\categorical_tree\Hispanic_Latino_decision_tree.png	256107
C:\Users\USER\Biomed\AD\SEA-AD-patient\results\plots\categorical_tree\If_other_Consensus_dx_describe_decision_tree.png	300747
C:\Users\USER\Biomed\AD\SEA-AD-patient\results\plots\categorical_tree\Known_head_injury_decision_tree.png	424854
C:\Users\USER\Biomed\AD\SEA-AD-patient\results\plots\categorical_tree\LATE_decision_tree.png	603537
C:\Users\USER\Biomed\AD\SEA-AD-patient\results\plots\categorical_tree\Overall_AD_neuropathological_Change_decision_tree.png	589645
C:\Users\USER\Biomed\AD\SEA-AD-patient\results\plots\categorical_tree\Overall_CAA_Score_decision_tree.png	585682
C:\Users\USER\Biomed\AD\SEA-AD-patient\results\plots\categorical_tree\Primary_Study_Name_decision_tree.png	415580
C:\Users\USER\Biomed\AD\SEA-AD-patient\results\plots\categorical_tree\Race_choice-American_Indian__Alaska_Native_decision_tree.png	277402
C:\Users\USER\Biomed\AD\SEA-AD-patient\results\plots\categorical_tree\Race_choice-Asian_decision_tree.png	369975
C:\Users\USER\Biomed\AD\SEA-AD-patient\results\plots\categorical_tree\Race_choice-Other_decision_tree.png	371900
C:\Users\USER\Biomed\AD\SEA-AD-patient\results\plots\categorical_tree\Race_choice-White_decision_tree.png	372243
C:\Users\USER\Biomed\AD\SEA-AD-patient\results\plots\categorical_tree\Secondary_Study_Name_decision_tree.png	355392
C:\Users\USER\Biomed\AD\SEA-AD-patient\results\plots\categorical_tree\Severely_Affected_Donor_decision_tree.png	326737
C:\Users\USER\Biomed\AD\SEA-AD-patient\results\plots\categorical_tree\Sex_decision_tree.png	448142
C:\Users\USER\Biomed\AD\SEA-AD-patient\results\plots\categorical_tree\specify_other_race_decision_tree.png	365954
C:\Users\USER\Biomed\AD\SEA-AD-patient\results\plots\categorical_tree\Thal_decision_tree.png	410141
C:\Users\USER\Biomed\AD\SEA-AD-patient\results\plots\dendrogram\APOE_Genotype_dendrogram.png	35572
C:\Users\USER\Biomed\AD\SEA-AD-patient\results\plots\dendrogram\Arteriolosclerosis_dendrogram.png	37508
C:\Users\USER\Biomed\AD\SEA-AD-patient\results\plots\dendrogram\Atherosclerosis_dendrogram.png	45964
C:\Users\USER\Biomed\AD\SEA-AD-patient\results\plots\dendrogram\Braak_dendrogram.png	40849
C:\Users\USER\Biomed\AD\SEA-AD-patient\results\plots\dendrogram\CERAD_score_dendrogram.png	44452
C:\Users\USER\Biomed\AD\SEA-AD-patient\results\plots\dendrogram\Cognitive_Status_dendrogram.png	40082
C:\Users\USER\Biomed\AD\SEA-AD-patient\results\plots\dendrogram\Consensus_Clinical_Dx_choice-Alzheimers_disease_dendrogram.png	42564
C:\Users\USER\Biomed\AD\SEA-AD-patient\results\plots\dendrogram\Consensus_Clinical_Dx_choice-Alzheimers_Possible__Probable_dendrogram.png	42895
C:\Users\USER\Biomed\AD\SEA-AD-patient\results\plots\dendrogram\Consensus_Clinical_Dx_choice-Control_dendrogram.png	42375
C:\Users\USER\Biomed\AD\SEA-AD-patient\results\plots\dendrogram\Consensus_Clinical_Dx_choice-Dementia_with_Lewy_Bodies__Lewy_Body_Disease_dendrogram.png	48807
C:\Users\USER\Biomed\AD\SEA-AD-patient\results\plots\dendrogram\Consensus_Clinical_Dx_choice-Multiple_System_Atrophy_dendrogram.png	43629
C:\Users\USER\Biomed\AD\SEA-AD-patient\results\plots\dendrogram\Consensus_Clinical_Dx_choice-Other_dendrogram.png	41755
C:\Users\USER\Biomed\AD\SEA-AD-patient\results\plots\dendrogram\Consensus_Clinical_Dx_choice-Parkinsons_Disease_Dementia_dendrogram.png	43328
C:\Users\USER\Biomed\AD\SEA-AD-patient\results\plots\dendrogram\Consensus_Clinical_Dx_choice-Unknown_dendrogram.png	39937
C:\Users\USER\Biomed\AD\SEA-AD-patient\results\plots\dendrogram\Consensus_Clinical_Dx_choice-Vascular_Dementia_dendrogram.png	42752
C:\Users\USER\Biomed\AD\SEA-AD-patient\results\plots\dendrogram\Ex_Vivo_Imaging_dendrogram.png	28762
C:\Users\USER\Biomed\AD\SEA-AD-patient\results\plots\dendrogram\Have_they_had_neuroimaging_dendrogram.png	39370
C:\Users\USER\Biomed\AD\SEA-AD-patient\results\plots\dendrogram\Highest_level_of_education_dendrogram.png	71328
C:\Users\USER\Biomed\AD\SEA-AD-patient\results\plots\dendrogram\Highest_Lewy_Body_Disease_dendrogram.png	120181
C:\Users\USER\Biomed\AD\SEA-AD-patient\results\plots\dendrogram\Hispanic_Latino_dendrogram.png	35045
C:\Users\USER\Biomed\AD\SEA-AD-patient\results\plots\dendrogram\If_other_Consensus_dx_describe_dendrogram.png	55022
C:\Users\USER\Biomed\AD\SEA-AD-patient\results\plots\dendrogram\Known_head_injury_dendrogram.png	34683
C:\Users\USER\Biomed\AD\SEA-AD-patient\results\plots\dendrogram\LATE_dendrogram.png	49203
C:\Users\USER\Biomed\AD\SEA-AD-patient\results\plots\dendrogram\Overall_AD_neuropathological_Change_dendrogram.png	45411
C:\Users\USER\Biomed\AD\SEA-AD-patient\results\plots\dendrogram\Overall_CAA_Score_dendrogram.png	47285
C:\Users\USER\Biomed\AD\SEA-AD-patient\results\plots\dendrogram\Primary_Study_Name_dendrogram.png	37750
C:\Users\USER\Biomed\AD\SEA-AD-patient\results\plots\dendrogram\Race_choice-American_Indian__Alaska_Native_dendrogram.png	43955
C:\Users\USER\Biomed\AD\SEA-AD-patient\results\plots\dendrogram\Race_choice-Asian_dendrogram.png	39564
C:\Users\USER\Biomed\AD\SEA-AD-patient\results\plots\dendrogram\Race_choice-Other_dendrogram.png	36930
C:\Users\USER\Biomed\AD\SEA-AD-patient\results\plots\dendrogram\Race_choice-White_dendrogram.png	39901
C:\Users\USER\Biomed\AD\SEA-AD-patient\results\plots\dendrogram\Secondary_Study_Name_dendrogram.png	44458
C:\Users\USER\Biomed\AD\SEA-AD-patient\results\plots\dendrogram\Severely_Affected_Donor_dendrogram.png	33958
C:\Users\USER\Biomed\AD\SEA-AD-patient\results\plots\dendrogram\Sex_dendrogram.png	31904
C:\Users\USER\Biomed\AD\SEA-AD-patient\results\plots\dendrogram\specify_other_race_dendrogram.png	32836
C:\Users\USER\Biomed\AD\SEA-AD-patient\results\plots\dendrogram\Thal_dendrogram.png	32145
C:\Users\USER\Biomed\AD\SEA-AD-patient\results\plots\numeric\Age_at_Death_t_distribution.png	80867
C:\Users\USER\Biomed\AD\SEA-AD-patient\results\plots\numeric\Age_of_Dementia_diagnosis_t_distribution.png	80679
C:\Users\USER\Biomed\AD\SEA-AD-patient\results\plots\numeric\Age_of_onset_cognitive_symptoms_t_distribution.png	81999
C:\Users\USER\Biomed\AD\SEA-AD-patient\results\plots\numeric\Brain_pH_t_distribution.png	63711
C:\Users\USER\Biomed\AD\SEA-AD-patient\results\plots\numeric\Fresh_Brain_Weight_t_distribution.png	82182
C:\Users\USER\Biomed\AD\SEA-AD-patient\results\plots\numeric\Interval_from_last_CASI_in_months_t_distribution.png	86214
C:\Users\USER\Biomed\AD\SEA-AD-patient\results\plots\numeric\Interval_from_last_MMSE_in_months_t_distribution.png	84257
C:\Users\USER\Biomed\AD\SEA-AD-patient\results\plots\numeric\Interval_from_last_MOCA_in_months_t_distribution.png	83585
C:\Users\USER\Biomed\AD\SEA-AD-patient\results\plots\numeric\Last_CASI_Score_t_distribution.png	78166
C:\Users\USER\Biomed\AD\SEA-AD-patient\results\plots\numeric\Last_MMSE_Score_t_distribution.png	79006
C:\Users\USER\Biomed\AD\SEA-AD-patient\results\plots\numeric\Last_MOCA_Score_t_distribution.png	72715
C:\Users\USER\Biomed\AD\SEA-AD-patient\results\plots\numeric\PMI_t_distribution.png	70584
C:\Users\USER\Biomed\AD\SEA-AD-patient\results\plots\numeric\RIN_t_distribution.png	64150
C:\Users\USER\Biomed\AD\SEA-AD-patient\results\plots\numeric\Total_microinfarcts_in_screening_sections_t_distribution.png	45059
C:\Users\USER\Biomed\AD\SEA-AD-patient\results\plots\numeric\Total_Microinfarcts_not_observed_grossly_t_distribution.png	42216
C:\Users\USER\Biomed\AD\SEA-AD-patient\results\plots\numeric\Years_of_education_t_distribution.png	59525
C:\Users\USER\Biomed\AD\SEA-AD-patient\results\plots\terminal_nodes\APOE_Genotype_terminal_nodes.png	33780
C:\Users\USER\Biomed\AD\SEA-AD-patient\results\plots\terminal_nodes\Arteriolosclerosis_terminal_nodes.png	34501
C:\Users\USER\Biomed\AD\SEA-AD-patient\results\plots\terminal_nodes\Atherosclerosis_terminal_nodes.png	32043
C:\Users\USER\Biomed\AD\SEA-AD-patient\results\plots\terminal_nodes\Braak_terminal_nodes.png	31639
C:\Users\USER\Biomed\AD\SEA-AD-patient\results\plots\terminal_nodes\CERAD_score_terminal_nodes.png	37037
C:\Users\USER\Biomed\AD\SEA-AD-patient\results\plots\terminal_nodes\Cognitive_Status_terminal_nodes.png	33356
C:\Users\USER\Biomed\AD\SEA-AD-patient\results\plots\terminal_nodes\Consensus_Clinical_Dx_choice-Alzheimers_disease_terminal_nodes.png	38539
C:\Users\USER\Biomed\AD\SEA-AD-patient\results\plots\terminal_nodes\Consensus_Clinical_Dx_choice-Alzheimers_Possible__Probable_terminal_nodes.png	36652
C:\Users\USER\Biomed\AD\SEA-AD-patient\results\plots\terminal_nodes\Consensus_Clinical_Dx_choice-Control_terminal_nodes.png	36706
C:\Users\USER\Biomed\AD\SEA-AD-patient\results\plots\terminal_nodes\Consensus_Clinical_Dx_choice-Dementia_with_Lewy_Bodies__Lewy_Body_Disease_terminal_nodes.png	39366
C:\Users\USER\Biomed\AD\SEA-AD-patient\results\plots\terminal_nodes\Consensus_Clinical_Dx_choice-Multiple_System_Atrophy_terminal_nodes.png	36352
C:\Users\USER\Biomed\AD\SEA-AD-patient\results\plots\terminal_nodes\Consensus_Clinical_Dx_choice-Other_terminal_nodes.png	36380
C:\Users\USER\Biomed\AD\SEA-AD-patient\results\plots\terminal_nodes\Consensus_Clinical_Dx_choice-Parkinsons_Disease_Dementia_terminal_nodes.png	36288
C:\Users\USER\Biomed\AD\SEA-AD-patient\results\plots\terminal_nodes\Consensus_Clinical_Dx_choice-Unknown_terminal_nodes.png	38017
C:\Users\USER\Biomed\AD\SEA-AD-patient\results\plots\terminal_nodes\Consensus_Clinical_Dx_choice-Vascular_Dementia_terminal_nodes.png	34222
C:\Users\USER\Biomed\AD\SEA-AD-patient\results\plots\terminal_nodes\Ex_Vivo_Imaging_terminal_nodes.png	29583
C:\Users\USER\Biomed\AD\SEA-AD-patient\results\plots\terminal_nodes\Have_they_had_neuroimaging_terminal_nodes.png	34626
C:\Users\USER\Biomed\AD\SEA-AD-patient\results\plots\terminal_nodes\Highest_level_of_education_terminal_nodes.png	50359
C:\Users\USER\Biomed\AD\SEA-AD-patient\results\plots\terminal_nodes\Highest_Lewy_Body_Disease_terminal_nodes.png	52755
C:\Users\USER\Biomed\AD\SEA-AD-patient\results\plots\terminal_nodes\Hispanic_Latino_terminal_nodes.png	28403
C:\Users\USER\Biomed\AD\SEA-AD-patient\results\plots\terminal_nodes\If_other_Consensus_dx_describe_terminal_nodes.png	38489
C:\Users\USER\Biomed\AD\SEA-AD-patient\results\plots\terminal_nodes\Known_head_injury_terminal_nodes.png	31718
C:\Users\USER\Biomed\AD\SEA-AD-patient\results\plots\terminal_nodes\LATE_terminal_nodes.png	35300
C:\Users\USER\Biomed\AD\SEA-AD-patient\results\plots\terminal_nodes\Overall_AD_neuropathological_Change_terminal_nodes.png	40259
C:\Users\USER\Biomed\AD\SEA-AD-patient\results\plots\terminal_nodes\Overall_CAA_Score_terminal_nodes.png	36021
C:\Users\USER\Biomed\AD\SEA-AD-patient\results\plots\terminal_nodes\Primary_Study_Name_terminal_nodes.png	35441
C:\Users\USER\Biomed\AD\SEA-AD-patient\results\plots\terminal_nodes\Race_choice-American_Indian__Alaska_Native_terminal_nodes.png	34939
C:\Users\USER\Biomed\AD\SEA-AD-patient\results\plots\terminal_nodes\Race_choice-Asian_terminal_nodes.png	31915
C:\Users\USER\Biomed\AD\SEA-AD-patient\results\plots\terminal_nodes\Race_choice-Other_terminal_nodes.png	32150
C:\Users\USER\Biomed\AD\SEA-AD-patient\results\plots\terminal_nodes\Race_choice-White_terminal_nodes.png	32266
C:\Users\USER\Biomed\AD\SEA-AD-patient\results\plots\terminal_nodes\Secondary_Study_Name_terminal_nodes.png	32595
C:\Users\USER\Biomed\AD\SEA-AD-patient\results\plots\terminal_nodes\Severely_Affected_Donor_terminal_nodes.png	32699
C:\Users\USER\Biomed\AD\SEA-AD-patient\results\plots\terminal_nodes\Sex_terminal_nodes.png	29414
C:\Users\USER\Biomed\AD\SEA-AD-patient\results\plots\terminal_nodes\specify_other_race_terminal_nodes.png	30743
C:\Users\USER\Biomed\AD\SEA-AD-patient\results\plots\terminal_nodes\Thal_terminal_nodes.png	31944
C:\Users\USER\Biomed\AD\SEA-AD-patient\results\tsv\APOE_Genotype_terminal_nodes.tsv	223
C:\Users\USER\Biomed\AD\SEA-AD-patient\results\tsv\Arteriolosclerosis_terminal_nodes.tsv	232
C:\Users\USER\Biomed\AD\SEA-AD-patient\results\tsv\Atherosclerosis_terminal_nodes.tsv	231
C:\Users\USER\Biomed\AD\SEA-AD-patient\results\tsv\Braak_terminal_nodes.tsv	172
C:\Users\USER\Biomed\AD\SEA-AD-patient\results\tsv\CERAD_score_terminal_nodes.tsv	171
C:\Users\USER\Biomed\AD\SEA-AD-patient\results\tsv\Cognitive_Status_terminal_nodes.tsv	150
C:\Users\USER\Biomed\AD\SEA-AD-patient\results\tsv\Consensus_Clinical_Dx_choice-Alzheimers_disease_terminal_nodes.tsv	174
C:\Users\USER\Biomed\AD\SEA-AD-patient\results\tsv\Consensus_Clinical_Dx_choice-Alzheimers_Possible__Probable_terminal_nodes.tsv	145
C:\Users\USER\Biomed\AD\SEA-AD-patient\results\tsv\Consensus_Clinical_Dx_choice-Control_terminal_nodes.tsv	126
C:\Users\USER\Biomed\AD\SEA-AD-patient\results\tsv\Consensus_Clinical_Dx_choice-Dementia_with_Lewy_Bodies__Lewy_Body_Disease_terminal_nodes.tsv	91
C:\Users\USER\Biomed\AD\SEA-AD-patient\results\tsv\Consensus_Clinical_Dx_choice-Multiple_System_Atrophy_terminal_nodes.tsv	106
C:\Users\USER\Biomed\AD\SEA-AD-patient\results\tsv\Consensus_Clinical_Dx_choice-Other_terminal_nodes.tsv	143
C:\Users\USER\Biomed\AD\SEA-AD-patient\results\tsv\Consensus_Clinical_Dx_choice-Parkinsons_Disease_Dementia_terminal_nodes.tsv	91
C:\Users\USER\Biomed\AD\SEA-AD-patient\results\tsv\Consensus_Clinical_Dx_choice-Unknown_terminal_nodes.tsv	183
C:\Users\USER\Biomed\AD\SEA-AD-patient\results\tsv\Consensus_Clinical_Dx_choice-Vascular_Dementia_terminal_nodes.tsv	106
C:\Users\USER\Biomed\AD\SEA-AD-patient\results\tsv\Ex_Vivo_Imaging_terminal_nodes.tsv	92
C:\Users\USER\Biomed\AD\SEA-AD-patient\results\tsv\Have_they_had_neuroimaging_terminal_nodes.tsv	176
C:\Users\USER\Biomed\AD\SEA-AD-patient\results\tsv\Highest_level_of_education_terminal_nodes.tsv	292
C:\Users\USER\Biomed\AD\SEA-AD-patient\results\tsv\Highest_Lewy_Body_Disease_terminal_nodes.tsv	439
C:\Users\USER\Biomed\AD\SEA-AD-patient\results\tsv\Hispanic_Latino_terminal_nodes.tsv	77
C:\Users\USER\Biomed\AD\SEA-AD-patient\results\tsv\If_other_Consensus_dx_describe_terminal_nodes.tsv	132
C:\Users\USER\Biomed\AD\SEA-AD-patient\results\tsv\Known_head_injury_terminal_nodes.tsv	175
C:\Users\USER\Biomed\AD\SEA-AD-patient\results\tsv\LATE_terminal_nodes.tsv	258
C:\Users\USER\Biomed\AD\SEA-AD-patient\results\tsv\Overall_AD_neuropathological_Change_terminal_nodes.tsv	212
C:\Users\USER\Biomed\AD\SEA-AD-patient\results\tsv\Overall_CAA_Score_terminal_nodes.tsv	241
C:\Users\USER\Biomed\AD\SEA-AD-patient\results\tsv\Primary_Study_Name_terminal_nodes.tsv	178
C:\Users\USER\Biomed\AD\SEA-AD-patient\results\tsv\Race_choice-American_Indian__Alaska_Native_terminal_nodes.tsv	91
C:\Users\USER\Biomed\AD\SEA-AD-patient\results\tsv\Race_choice-Asian_terminal_nodes.tsv	129
C:\Users\USER\Biomed\AD\SEA-AD-patient\results\tsv\Race_choice-Other_terminal_nodes.tsv	130
C:\Users\USER\Biomed\AD\SEA-AD-patient\results\tsv\Race_choice-White_terminal_nodes.tsv	121
C:\Users\USER\Biomed\AD\SEA-AD-patient\results\tsv\seaad_patient_categorical_level_counts.tsv	8871
C:\Users\USER\Biomed\AD\SEA-AD-patient\results\tsv\seaad_patient_categorical_summary.tsv	3916
C:\Users\USER\Biomed\AD\SEA-AD-patient\results\tsv\seaad_patient_categorical_tree_metrics.tsv	5736
C:\Users\USER\Biomed\AD\SEA-AD-patient\results\tsv\seaad_patient_dendrogram_status.tsv	2079
C:\Users\USER\Biomed\AD\SEA-AD-patient\results\tsv\seaad_patient_numeric_summary.tsv	3045
C:\Users\USER\Biomed\AD\SEA-AD-patient\results\tsv\seaad_patient_numeric_tree_metrics.tsv	1817
C:\Users\USER\Biomed\AD\SEA-AD-patient\results\tsv\seaad_patient_onehot_manifest.tsv	9762
C:\Users\USER\Biomed\AD\SEA-AD-patient\results\tsv\seaad_patient_overall_variable_summary.tsv	3157
C:\Users\USER\Biomed\AD\SEA-AD-patient\results\tsv\seaad_patient_source_manifest.tsv	403
C:\Users\USER\Biomed\AD\SEA-AD-patient\results\tsv\seaad_patient_variable_catalog.tsv	4386
C:\Users\USER\Biomed\AD\SEA-AD-patient\results\tsv\Secondary_Study_Name_terminal_nodes.tsv	166
C:\Users\USER\Biomed\AD\SEA-AD-patient\results\tsv\Severely_Affected_Donor_terminal_nodes.tsv	116
C:\Users\USER\Biomed\AD\SEA-AD-patient\results\tsv\Sex_terminal_nodes.tsv	178
C:\Users\USER\Biomed\AD\SEA-AD-patient\results\tsv\specify_other_race_terminal_nodes.tsv	122
C:\Users\USER\Biomed\AD\SEA-AD-patient\results\tsv\Thal_terminal_nodes.tsv	153
C:\Users\USER\Biomed\AD\SEA-AD-patient\check\seaad_patient_metadata_analysis.log	848
